"RK","PLAYER NAME",TEAM,"POS","BEST","WORST","AVG.","STD.DEV","ECR VS. ADP"
"1","Shohei Ohtani",LAD,"DH1","1","2","1.3","0.4","0"
"2","Aaron Judge",NYY,"OF1","1","2","1.6","0.5","0"
"3","Bobby Witt Jr.",KC,"SS1","3","4","3.1","0.3","+1"
"4","Juan Soto",NYM,"OF2","3","6","3.9","0.3","+1"
"5","Jose Ramirez",CLE,"3B1","4","10","5.8","0.9","+1"
"6","Ronald Acuna Jr.",ATL,"OF3","5","13","7.5","1.9","+3"
"7","Corbin Carroll",ARI,"OF4","5","11","7.5","1.8","+1"
"8","Tarik Skubal",DET,"SP1","5","21","8.9","2.8","-1"
"9","Julio Rodriguez",SEA,"OF5","7","11","9.2","1.2","+4"
"10","Elly De La Cruz",CIN,"SS2","6","18","9.9","2.3","0"
"11","Paul Skenes",PIT,"SP2","7","18","11.3","1.9","0"
"12","Fernando Tatis Jr.",SD,"OF6","8","21","12.9","2.7","+3"
"13","Garrett Crochet",BOS,"SP3","6","23","13.5","2.4","-1"
"14","Gunnar Henderson",BAL,"SS3","11","20","13.9","1.4","+5"
"15","Kyle Tucker",LAD,"OF7","6","23","14.4","3.7","+1"
"16","Francisco Lindor",NYM,"SS4","12","18","15.4","0.9","+1"
"17","Junior Caminero",TB,"3B2","8","44","15.6","2.6","+1"
"18","Cal Raleigh",SEA,"C1","12","21","18.8","1.3","-4"
"19","Vladimir Guerrero Jr.",TOR,"1B1","15","24","19.4","2.3","+3"
"20","Nick Kurtz",ATH,"1B2","17","27","19.4","1.9","0"
"21","Jackson Chourio",MIL,"OF8","12","49","19.8","2.1","+2"
"22","Kyle Schwarber",PHI,"DH2","15","32","21.3","2.0","-1"
"23","Jazz Chisholm Jr.",NYY,"2B1","13","24","21.6","1.8","+1"
"24","Pete Alonso",BAL,"1B3","22","29","24.4","1.5","+2"
"25","Ketel Marte",ARI,"2B2","20","34","27.5","3.2","+2"
"26","Trea Turner",PHI,"SS5","21","71","28.2","5.6","+3"
"27","Yordan Alvarez",HOU,"OF9","24","36","29.7","3.0","+5"
"28","Yoshinobu Yamamoto",LAD,"SP4","22","48","31.0","4.4","-3"
"29","Cristopher Sanchez",PHI,"SP5","26","41","31.3","4.1","-1"
"30","Bryce Harper",PHI,"1B4","26","42","32.9","3.3","+8"
"31","Manny Machado",SD,"3B3","25","37","33.1","3.1","0"
"32","Matt Olson",ATL,"1B5","24","48","33.3","5.1","+5"
"33","Rafael Devers",SF,"1B6","26","50","35.1","6.0","+8"
"34","Zach Neto",LAA,"SS6","26","47","36.2","5.5","+1"
"35","Pete Crow-Armstrong",CHC,"OF10","25","134","36.3","9.8","-5"
"36","James Wood",WSH,"OF11","27","65","36.7","6.6","-3"
"37","Chris Sale",ATL,"SP6","26","49","37.2","3.8","+3"
"38","Logan Gilbert",SEA,"SP7","29","67","38.1","4.1","+1"
"39","Hunter Brown",HOU,"SP8","30","60","38.1","7.5","-5"
"40","Mookie Betts",LAD,"SS7","27","53","41.3","4.2","+2"
"41","Logan Webb",SF,"SP9","33","76","41.6","6.2","+7"
"42","Jacob deGrom",TEX,"SP10","35","73","41.7","5.4","+5"
"43","Bryan Woo",SEA,"SP11","32","54","42.0","3.7","-7"
"44","Cole Ragans",KC,"SP12","28","63","45.8","5.7","+9"
"45","Hunter Greene",CIN,"SP13","40","64","46.6","4.0","+1"
"46","Brent Rooker",ATH,"OF12","31","153","49.3","16.1","-2"
"47","Max Fried",NYY,"SP14","43","72","51.6","8.2","-4"
"48","Wyatt Langford",TEX,"OF13","29","87","52.3","8.8","+2"
"49","Roman Anthony",BOS,"OF14","28","150","53.8","10.9","0"
"50","Freddie Freeman",LAD,"1B7","28","100","55.1","13.6","+1"
"51","Riley Greene",DET,"OF15","42","70","55.1","5.6","+6"
"52","Austin Riley",ATL,"3B4","43","79","55.7","8.5","+13"
"53","Josh Naylor",SEA,"1B8","40","102","55.9","6.3","+3"
"54","Brice Turang",MIL,"2B3","32","79","57.4","11.1","-9"
"55","Joe Ryan",MIN,"SP15","43","86","58.0","6.0","+12"
"56","Jarren Duran",BOS,"OF16","33","88","59.6","9.0","+6"
"57","Cody Bellinger",NYY,"OF17","45","73","60.2","5.4","+9"
"58","Jackson Merrill",SD,"CF1","48","91","60.6","12.3","+6"
"59","George Kirby",SEA,"SP16","46","84","61.1","5.9","+13"
"60","William Contreras",MIL,"C2","46","80","61.8","4.8","-5"
"61","Freddy Peralta",NYM,"SP17","47","83","62.6","9.7","-3"
"62","Blake Snell",LAD,"SP18","48","103","62.9","11.0","+7"
"63","Spencer Schwellenbach",ATL,"SP19","53","84","63.8","4.8","+18"
"64","Dylan Cease",TOR,"SP20","46","95","65.0","12.3","+11"
"65","CJ Abrams",WSH,"SS8","48","86","65.5","10.2","-4"
"66","Jesus Luzardo",PHI,"SP21","59","92","69.1","4.1","+14"
"67","Corey Seager",TEX,"SS9","52","89","70.8","7.0","+15"
"68","Vinnie Pasquantino",KC,"1B9","38","86","71.0","10.3","+10"
"69","Geraldo Perdomo",ARI,"SS10","40","92","71.3","13.2","-9"
"70","Mason Miller",SD,"RP1","34","201","71.9","32.1","-16"
"71","Bo Bichette",NYM,"SS11","48","117","73.4","12.8","+13"
"72","Kyle Bradish",BAL,"SP22","45","94","75.2","8.7","+13"
"73","George Springer",TOR,"OF18","45","105","76.1","9.6","+4"
"74","Byron Buxton",MIN,"CF2","56","163","77.4","10.6","-6"
"75","Seiya Suzuki",CHC,"OF19","53","109","78.3","8.0","+13"
"76","Ben Rice",NYY,"1B10","58","139","78.8","18.0","-5"
"77","Framber Valdez",FA,"SP23","56","100","79.0","10.6","+9"
"78","Shea Langeliers",ATH,"C3","55","136","79.3","16.8","-15"
"79","Jeremy Pena",HOU,"SS12","67","102","79.5","5.4","+17"
"80","Maikel Garcia",KC,"2B4","67","91","80.5","4.8","-7"
"81","Edwin Diaz",LAD,"RP2","33","187","81.4","37.7","-29"
"82","Nick Pivetta",SD,"SP24","62","116","83.0","8.7","+5"
"83","Andres Munoz",SEA,"RP3","51","147","84.2","26.6","-24"
"84","Randy Arozarena",SEA,"OF20","61","117","84.3","6.6","-5"
"85","Tyler Soderstrom",ATH,"1B11","47","124","89.5","8.6","-2"
"86","Jhoan Duran",PHI,"RP4","53","260","90.7","29.0","-16"
"87","Hunter Goodman",COL,"C4","51","238","90.9","24.7","-11"
"88","Alex Bregman",CHC,"3B5","29","139","92.2","17.1","+2"
"89","Tyler Glasnow",LAD,"SP25","79","112","93.6","6.3","+20"
"90","Michael Harris II",ATL,"OF21","70","167","94.8","6.8","+12"
"91","Oneil Cruz",PIT,"CF3","76","165","98.5","13.5","0"
"92","Pablo Lopez",MIN,"SP26","73","155","99.4","25.1","+33"
"93","Nolan McLean",NYM,"SP27","78","130","99.5","13.7","+4"
"94","Kevin Gausman",TOR,"SP28","77","135","100.5","17.0","+10"
"95","Kyle Stowers",MIA,"OF22","76","187","101.0","12.0","+20"
"96","Cade Smith",CLE,"RP5","50","264","101.6","37.0","-22"
"97","Eury Perez",MIA,"SP29","72","157","101.8","14.2","+8"
"98","Eugenio Suarez",CIN,"3B6","59","130","102.5","4.7","-3"
"99","Nico Hoerner",CHC,"2B5","83","131","102.6","6.8","-5"
"100","Spencer Strider",ATL,"SP30","62","198","104.1","29.0","+3"
"101","Sonny Gray",BOS,"SP31","38","176","105.9","22.3","+13"
"102","Michael Busch",CHC,"1B12","95","114","105.9","5.9","+8"
"103","Jose Altuve",HOU,"2B6","66","148","109.9","14.5","-5"
"104","Yandy Diaz",TB,"1B13","63","152","110.0","11.7","+20"
"105","Brandon Woodruff",MIL,"SP32","92","154","111.2","8.9","+13"
"106","Christian Yelich",MIL,"OF23","57","224","112.4","23.8","-13"
"107","Willy Adames",SF,"SS13","78","163","112.9","21.2","+4"
"108","Trevor Story",BOS,"SS14","83","280","113.3","21.6","-1"
"109","Jordan Westburg",BAL,"2B7","78","138","114.9","12.4","+8"
"110","Teoscar Hernandez",LAD,"OF24","92","153","115.2","15.0","+2"
"111","Josh Hader",HOU,"RP6","62","212","117.1","43.1","-22"
"112","Agustin Ramirez",MIA,"C5","68","214","117.2","20.6","-11"
"113","Salvador Perez",KC,"C6","87","166","118.8","14.3","-7"
"114","Trey Yesavage",TOR,"SP33","104","158","119.9","9.4","+14"
"115","Will Smith",LAD,"C7","101","155","120.5","11.6","-7"
"116","Sandy Alcantara",MIA,"SP34","88","206","121.2","26.0","+35"
"117","David Bednar",NYY,"RP7","72","202","123.9","39.5","-17"
"118","Jo Adell",LAA,"OF25","114","203","125.2","6.4","+12"
"119","Luke Keaschall",MIN,"2B8","90","180","125.3","16.5","+4"
"120","Luis Castillo",SEA,"SP35","89","177","126.5","25.2","+20"
"121","Andy Pages",LAD,"OF26","116","211","127.6","9.9","+15"
"122","Robbie Ray",SF,"SP36","103","185","127.7","15.8","+38"
"123","Drake Baldwin",ATL,"C8","105","168","128.1","17.0","-7"
"124","Brandon Nimmo",TEX,"OF27","69","158","128.6","21.1","+3"
"125","Aroldis Chapman",BOS,"RP8","74","203","128.8","35.7","-26"
"126","Nathan Eovaldi",TEX,"SP37","72","162","129.0","18.4","+18"
"127","Cam Schlittler",NYY,"SP38","91","226","129.1","5.1","+5"
"128","Ozzie Albies",ATL,"2B9","117","157","129.2","8.8","+10"
"129","Lawrence Butler",ATH,"OF28","116","236","130.2","7.7","+5"
"130","Shane Bieber",TOR,"SP39","97","168","130.6","23.1","+33"
"131","Jacob Misiorowski",MIL,"SP40","93","184","130.9","13.5","-10"
"132","Zack Wheeler",PHI,"SP41","58","213","135.9","30.6","-1"
"133","Gavin Williams",CLE,"SP42","113","178","136.3","8.8","+10"
"134","Jakob Marsee",MIA,"OF29","97","210","136.5","10.4","+1"
"135","Nick Lodolo",CIN,"SP43","116","176","136.7","7.5","+4"
"136","Michael King",SD,"SP44","90","163","136.9","13.1","+5"
"137","Luis Robert Jr.",NYM,"OF30","108","244","137.5","12.5","-4"
"138","Devin Williams",NYM,"RP9","49","232","138.3","45.0","-25"
"139","Trevor Rogers",BAL,"SP45","106","187","138.6","19.0","+8"
"140","Matt Chapman",SF,"3B7","83","203","138.8","21.1","+15"
"141","Ryan Pepiot",TB,"SP46","109","198","139.6","10.4","+13"
"142","Chase Burns",CIN,"SP,RP1","94","210","139.9","24.6","-22"
"143","Taylor Ward",BAL,"OF31","104","247","141.9","25.9","-14"
"144","Jackson Holliday",BAL,"2B10","116","184","142.7","14.7","-25"
"145","Ranger Suarez",BOS,"SP47","92","191","145.4","17.5","+26"
"146","Emmet Sheehan",LAD,"SP48","94","209","145.9","22.5","+2"
"147","Bubba Chandler",PIT,"SP49","109","194","145.9","14.5","+12"
"148","Jacob Wilson",ATH,"SS15","96","172","146.9","19.9","+16"
"149","Ceddanne Rafaela",BOS,"OF32","118","235","149.3","20.1","+1"
"150","Steven Kwan",CLE,"OF33","123","205","151.1","15.8","+6"
"151","Ian Happ",CHC,"OF34","80","242","152.6","27.1","+2"
"152","Raisel Iglesias",ATL,"RP10","90","221","153.6","37.0","-30"
"153","MacKenzie Gore",TEX,"SP50","75","210","153.9","23.8","+25"
"154","Willson Contreras",BOS,"1B14","101","233","157.5","33.2","+23"
"155","Tanner Bibee",CLE,"SP51","108","197","157.5","19.0","+26"
"156","Jurickson Profar",ATL,"OF35","110","196","157.7","14.5","+10"
"157","Shota Imanaga",CHC,"SP52","115","216","158.7","19.2","+15"
"158","Dansby Swanson",CHC,"SS16","123","195","159.1","16.5","-6"
"159","Xavier Edwards",MIA,"SS17","140","192","159.6","10.9","+11"
"160","Spencer Torkelson",DET,"1B15","116","213","159.8","17.6","+15"
"161","Brandon Lowe",PIT,"2B11","119","249","160.8","14.9","+7"
"162","Carlos Estevez",KC,"RP11","111","215","160.9","26.7","-36"
"163","Bryan Reynolds",PIT,"OF36","125","250","166.1","22.5","+13"
"164","Carlos Rodon",NYY,"SP53","127","221","166.6","19.2","+22"
"165","Adley Rutschman",BAL,"C9","126","277","167.6","17.0","-8"
"166","Noelvi Marte",CIN,"3B8","137","278","168.8","28.9","-17"
"167","Jonathan Aranda",TB,"1B16","128","214","169.3","14.4","+32"
"168","Ivan Herrera",STL,"C10","145","196","169.3","11.7","-6"
"169","Drew Rasmussen",TB,"SP54","114","198","169.6","12.8","+10"
"170","Cade Horton",CHC,"SP55","111","258","174.4","13.5","+12"
"171","Chandler Simpson",TB,"OF37","133","210","174.7","21.2","-10"
"172","Jack Flaherty",DET,"SP56","103","266","176.8","25.1","+28"
"173","Dylan Crews",WSH,"OF38","150","243","177.7","16.5","+20"
"174","Yainer Diaz",HOU,"C11","102","247","178.0","17.3","-28"
"175","Ryan Helsley",BAL,"RP12","96","286","178.6","60.7","-38"
"176","Christian Walker",HOU,"1B17","135","244","178.7","27.7","+9"
"177","Edward Cabrera",CHC,"SP57","140","200","179.0","15.1","+30"
"178","Jeff Hoffman",TOR,"RP13","107","230","181.6","28.9","-33"
"179","Aaron Nola",PHI,"SP58","119","257","182.6","17.4","+30"
"180","Colson Montgomery",CWS,"SS18","155","234","182.8","16.8","-6"
"181","Matthew Boyd",CHC,"SP59","106","250","183.1","20.9","+21"
"182","Trevor Megill",MIL,"RP14","136","231","185.0","23.8","-40"
"183","Pete Fairbanks",MIA,"RP15","105","241","186.8","26.3","-18"
"184","Isaac Paredes",HOU,"3B9","102","226","187.4","20.9","0"
"185","Brenton Doyle",COL,"OF39","126","279","187.6","23.8","-2"
"186","Ezequiel Tovar",COL,"SS19","112","277","188.7","37.9","+42"
"187","Marcus Semien",NYM,"2B12","111","232","190.0","12.6","+4"
"188","Royce Lewis",MIN,"3B10","172","263","191.1","10.4","+23"
"189","Merrill Kelly",ARI,"SP60","120","253","191.3","16.1","+42"
"190","Alec Burleson",STL,"OF40","127","276","192.9","32.0","-3"
"191","Shane Baz",BAL,"SP61","152","242","194.0","19.4","+46"
"192","Zac Gallen",FA,"SP62","98","402","196.9","41.8","+24"
"193","Kenley Jansen",DET,"RP16","141","247","199.0","28.0","-20"
"194","Alejandro Kirk",TOR,"C12","159","288","199.0","14.0","-4"
"195","Emilio Pagan",CIN,"RP17","128","285","199.3","46.0","-28"
"196","Andrew Abbott",CIN,"SP63","166","254","199.4","21.7","-7"
"197","Shane McClanahan",TB,"SP64","149","248","200.8","16.8","+52"
"198","Mike Trout",LAA,"OF41","149","292","202.5","27.9","-40"
"199","Heliot Ramos",SF,"OF42","176","283","204.3","13.5","+27"
"200","Jorge Polanco",NYM,"2B13","129","274","206.3","34.2","+1"
"201","Connelly Early",BOS,"SP65","146","245","207.7","15.6","+46"
"202","Luis Garcia",WSH,"2B14","123","252","209.4","8.8","+69"
"203","Tatsuya Imai",HOU,"SP66","143","233","193.1","27.0","-23"
"204","Daniel Palencia",CHC,"RP18","127","253","211.3","32.5","-35"
"205","Gleyber Torres",DET,"2B15","74","264","211.8","17.6","+18"
"206","Jasson Dominguez",NYY,"OF43","144","266","212.6","24.2","+32"
"207","Addison Barger",TOR,"3B11","161","282","213.2","29.1","-15"
"208","Kyle Manzardo",CLE,"1B18","167","247","213.3","19.3","+48"
"209","Bryson Stott",PHI,"2B16","130","280","213.6","32.1","-15"
"210","Kerry Carpenter",DET,"OF44","160","236","214.7","13.9","+19"
"211","Masyn Winn",STL,"SS20","109","295","215.2","41.1","+70"
"212","Anthony Santander",TOR,"OF45","164","258","217.5","17.0","+6"
"213","Daylen Lile",WSH,"OF46","185","262","218.8","15.1","+28"
"214","Mark Vientos",NYM,"3B12","76","287","220.3","42.0","+20"
"215","Daulton Varsho",TOR,"OF47","164","250","220.7","20.2","-17"
"216","Wilyer Abreu",BOS,"OF48","181","279","221.2","16.7","+30"
"217","Kris Bubic",KC,"SP67","146","252","223.5","25.9","-2"
"218","Matt McLain",CIN,"2B17","163","281","225.0","23.9","+7"
"219","Dennis Santana",PIT,"RP19","186","274","226.0","27.1","-22"
"220","Samuel Basallo",BAL,"C13","162","304","229.0","31.8","-10"
"221","Munetaka Murakami",CWS,"1B19","165","278","229.4","26.7","-33"
"222","Bryce Miller",SEA,"SP68","113","274","230.5","29.8","+40"
"223","Kyle Teel",CWS,"C14","171","267","231.3","22.0","-10"
"224","Sal Frelick",MIL,"OF49","206","286","231.4","15.5","-12"
"225","Andrew Vaughn",MIL,"1B20","155","281","232.4","17.9","+87"
"226","Gabriel Moreno",ARI,"C15","170","290","233.9","25.3","+1"
"227","Roki Sasaki",LAD,"SP69","186","292","234.9","34.7","-23"
"228","Sal Stewart",CIN,"1B21","188","281","235.2","15.5","+12"
"229","Xander Bogaerts",SD,"SS21","157","295","235.7","25.8","-15"
"230","Trent Grisham",NYY,"OF50","212","273","238.9","15.4","-6"
"231","Spencer Steer",CIN,"1B22","146","295","239.0","29.4","-10"
"232","Hurston Waldrep",ATL,"SP70","139","290","239.3","32.1","+29"
"233","Ryne Nelson",ARI,"SP,RP2","185","291","240.1","21.2","+6"
"234","Alec Bohm",PHI,"3B13","147","296","240.2","23.6","+11"
"235","Otto Lopez",MIA,"2B18","165","297","241.9","19.5","+28"
"236","Brendan Donovan",STL,"2B19","138","283","243.0","17.3","+18"
"237","Joe Musgrove",SD,"SP71","148","368","243.0","46.2","+22"
"238","Ryan Walker",SF,"RP20","151","292","229.7","35.7","-16"
"239","Noah Cameron",KC,"SP72","190","275","244.0","17.8","+11"
"240","Luis Arraez",SF,"2B20","110","373","245.4","38.0","+18"
"241","TJ Friedl",CIN,"OF51","192","297","247.4","24.2","+37"
"242","Ramon Laureano",SD,"OF52","182","269","235.2","23.4","-9"
"243","Casey Mize",DET,"SP73","159","286","236.6","30.6","+24"
"244","Jac Caglianone",KC,"1B23","150","264","237.1","19.8","-9"
"245","Adolis Garcia",PHI,"OF53","223","281","251.2","9.9","-15"
"246","Francisco Alvarez",NYM,"C16","187","291","251.5","27.4","-29"
"247","Carlos Correa",HOU,"SS22","166","294","253.0","21.6","-3"
"248","Gerrit Cole",NYY,"SP74","195","296","254.2","34.6","-40"
"249","David Peterson",NYM,"SP75","97","304","211.4","40.7","+68"
"250","Quinn Priester",MIL,"SP,RP3","170","293","246.7","29.6","-2"
"251","Abner Uribe",MIL,"RP21","196","294","249.1","27.0","-56"
"252","Jose Soriano",LAA,"SP76","85","298","215.7","35.5","+70"
"253","Matt Shaw",CHC,"3B14","166","356","262.6","38.3","-2"
"254","Shane Smith",CWS,"SP77","160","282","252.0","21.6","+21"
"255","Josh Lowe",LAA,"OF54","231","296","263.8","21.1","+45"
"256","Brett Baty",NYM,"3B15","190","307","264.6","25.4","-3"
"257","Jordan Beck",COL,"OF55","214","288","253.9","17.5","+25"
"258","Nolan Schanuel",LAA,"1B24","174","296","254.0","20.4","+56"
"259","Konnor Griffin",PIT,"SS23","162","290","255.3","24.8","-27"
"260","Jack Leiter",TEX,"SP78","213","281","255.9","15.2","-5"
"261","Jake Burger",TEX,"1B25","172","300","267.8","22.3","+3"
"262","Mickey Moniak",COL,"OF56","246","303","268.9","16.8","+6"
"263","Caleb Durbin",MIL,"2B21","223","294","270.8","19.4","+2"
"264","Marcell Ozuna",FA,"DH3","171","286","271.0","15.5","+43"
"265","Kazuma Okamoto",TOR,"3B16","174","299","247.1","38.8","-59"
"266","Yusei Kikuchi",LAA,"SP79","90","321","232.0","41.2","+26"
"267","Colton Cowser",BAL,"OF57","221","293","273.7","10.3","-24"
"268","Max Muncy",LAD,"3B17","146","289","264.4","25.4","-65"
"269","Reese Olson",DET,"SP80","215","295","275.7","21.1","+21"
"270","Mitch Keller",PIT,"SP81","123","318","239.4","35.5","+80"
"271","Robert Suarez",ATL,"RP22","194","290","241.3","29.4","-75"
"272","Brandon Pfaadt",ARI,"SP82","124","322","241.9","34.1","+48"
"273","Sean Manaea",NYM,"SP,RP4","204","297","271.8","18.9","+13"
"274","Jose Caballero",NYY,"2B22","177","297","260.1","25.0","-54"
"275","Grayson Rodriguez",LAA,"SP83","185","300","260.4","30.5","+1"
"276","Carter Jensen",KC,"C17","186","293","261.4","29.7","-40"
"277","Dillon Dingler",DET,"C18","218","282","262.1","10.3","-8"
"278","Griffin Jax",TB,"RP23","217","296","262.4","23.2","-6"
"279","Parker Messick",CLE,"SP84","222","321","262.6","31.7","+18"
"280","Chase DeLauter",CLE,"OF58","233","331","279.3","31.2","+21"
"281","Tommy Edman",LAD,"2B23","218","303","281.9","11.6","+12"
"282","Michael Wacha",KC,"SP85","200","342","274.3","33.9","+49"
"283","Kodai Senga",NYM,"SP86","199","300","275.9","21.8","-26"
"284","Brady Singer",CIN,"SP87","156","326","276.5","28.3","-1"
"285","Kevin McGonigle",DET,"SS24","187","328","277.8","34.5","+26"
"286","Nick Castellanos",PHI,"OF59","216","336","278.3","30.4","+38"
"287","Brayan Bello",BOS,"SP88","176","279","248.8","30.8","-17"
"288","Clay Holmes",NYM,"SP89","121","297","249.2","34.7","+10"
"289","Edwin Uceta",TB,"RP24","211","304","269.6","28.8","+6"
"290","Andres Gimenez",TOR,"2B24","215","327","288.3","21.9","+14"
"291","J.T. Realmuto",PHI,"C19","208","371","288.5","33.0","-72"
"292","Jung Hoo Lee",SF,"OF60","242","312","288.9","13.8","+10"
"293","Bryce Eldridge",SF,"1B26","201","322","278.7","24.3","+87"
"294","Miguel Vargas",CWS,"3B18","208","326","292.1","23.7","+2"
"295","JJ Wetherholt",STL,"SS25","175","310","292.3","12.7","-16"
"296","Logan Henderson",MIL,"SP90","204","367","293.0","36.7","-8"
"297","Ryan Weathers",NYY,"SP91","216","320","282.0","22.9","-13"
"298","Seranthony Dominguez",CWS,"RP25","223","330","271.2","42.9","+53"
"299","Zach Eflin",BAL,"SP92","196","384","299.0","37.6","+80"
"300","Joey Cantillo",CLE,"SP,RP5","198","307","273.0","26.4","-1"
"301","Chris Bassitt",FA,"SP93","161","415","281.7","60.9","+60"
"302","Colt Keith",DET,"2B25","151","323","279.5","26.9","-11"
"303","Josh Bell",MIN,"1B27","193","337","292.7","19.4","+117"
"304","Cade Cavalli",WSH,"SP94","212","315","282.8","31.9","+117"
"305","Giancarlo Stanton",NYY,"RF1","204","319","286.0","32.3","-100"
"306","Logan O'Hoppe",LAA,"C20","257","320","286.5","23.3","-54"
"307","Reid Detmers",LAA,"RP26","144","352","299.3","29.1","+59"
"308","Anthony Volpe",NYY,"SS26","228","355","299.7","27.6","+27"
"309","Austin Wells",NYY,"C21","230","313","275.0","29.9","-67"
"310","Luis Severino",ATH,"SP95","191","363","297.3","35.4","+131"
"311","Tyler Mahle",SF,"SP96","197","325","283.2","46.0","+36"
"312","Cam Smith",HOU,"RF2","220","317","283.6","38.1","+41"
"313","Will Warren",NYY,"SP97","228","338","301.0","23.4","-24"
"314","Jeff McNeil",ATH,"2B26","252","382","305.3","41.1","+26"
"315","Bryan Abreu",HOU,"RP27","218","321","290.4","32.1","-28"
"316","Ernie Clement",TOR,"3B19","267","323","291.4","22.2","-56"
"317","J.P. Crawford",SEA,"SS27","179","360","304.7","27.8","+9"
"318","Will Vest",DET,"RP28","272","314","292.0","14.1","-45"
"319","Jameson Taillon",CHC,"SP98","248","331","307.2","24.9","-42"
"320","Jake Cronenworth",SD,"2B27","188","371","295.4","60.4","+23"
"321","Marcelo Mayer",BOS,"2B28","245","342","295.8","38.6","-27"
"322","Jonah Tong",NYM,"SP99","240","329","280.5","31.9","+15"
"323","Lenyn Sosa",CWS,"2B29","270","320","300.8","16.2","+13"
"324","Justin Crawford",PHI,"OF61","213","369","302.0","51.9","+1"
"325","Ha-Seong Kim",ATL,"SS28","232","315","302.2","10.1","-6"
"326","Dylan Beavers",BAL,"OF62","285","353","313.7","26.9","+7"
"327","Spencer Horwitz",PIT,"1B28","220","344","315.3","23.2","+61"
"328","Payton Tolle",BOS,"SP,RP6","278","336","304.6","18.5","+89"
"329","Grant Taylor",CWS,"RP29","221","333","304.8","31.1","+34"
"330","Braxton Ashcraft",PIT,"SP,RP7","253","358","305.0","38.1","-56"
"331","Ryan O'Hearn",PIT,"1B29","271","341","305.4","28.7","-51"
"332","Cedric Mullins II",TB,"OF63","251","324","306.0","21.6","+12"
"333","Jose Berrios",TOR,"SP100","237","388","320.0","36.2","+100"
"334","Riley O'Brien",STL,"RP30","273","351","306.4","32.0","0"
"335","Ian Seymour",TB,"SP,RP8","278","340","306.6","22.5","-30"
"336","Evan Carter",TEX,"OF64","287","352","307.0","23.5","+5"
"337","Jeffrey Springs",ATH,"SP101","227","386","310.4","53.6","-7"
"338","Owen Caissie",MIA,"OF65","227","377","309.0","52.5","+43"
"339","Brooks Lee",MIN,"SS29","215","332","308.6","20.8","+21"
"340","Sean Murphy",ATL,"C22","253","352","310.6","47.1","+46"
"341","Seth Lugo",KC,"SP102","234","361","322.8","27.3","-32"
"342","Tanner Scott",LAD,"RP31","260","326","299.3","24.7","+20"
"343","Chase Meidroth",CWS,"3B20","231","353","315.0","31.2","+71"
"344","Cody Ponce",TOR,"SP,RP9","256","343","301.5","31.2","-29"
"345","Josh Jung",TEX,"3B21","270","337","315.2","23.5","-39"
"346","Kirby Yates",LAA,"RP32","255","391","320.8","52.0","+12"
"347","Reynaldo Lopez",ATL,"SP103","229","376","318.8","38.9","+87"
"348","Robby Snelling",MIA,"SP104","283","409","333.7","48.3","-19"
"349","Jake Mangum",PIT,"OF66","217","358","318.6","53.1","+22"
"350","Lars Nootbaar",STL,"OF67","279","379","329.0","33.9","+58"
"351","Zebby Matthews",MIN,"SP105","268","351","319.8","30.0","-30"
"352","Ryan Jeffers",MIN,"C23","242","350","311.3","42.1","-86"
"353","Isaac Collins",KC,"LF1","241","347","296.3","43.4","+48"
"354","Carson Benge",NYM,"OF68","251","385","330.4","52.3","-5"
"355","Eduardo Rodriguez",ARI,"SP106","198","369","328.6","26.8","+134"
"356","Brandon Marsh",PHI,"OF69","259","366","329.2","38.9","+26"
"357","Michael McGreevy",STL,"SP107","218","373","323.3","61.5","+120"
"358","Chad Patrick",MIL,"SP108","226","378","325.5","58.8","-4"
"359","Bailey Ober",MIN,"SP109","281","361","324.5","29.9","-17"
"360","Robert Stephenson",LAA,"RP33","267","358","313.7","37.2","+116"
"361","Robert Garcia",TEX,"RP34","287","378","331.3","38.6","-22"
"362","Troy Melton",DET,"SP,RP10","295","363","329.3","33.3","-52"
"363","Jordan Walker",STL,"OF70","269","363","316.3","38.4","+42"
"364","Tyler Stephenson",CIN,"C24","294","371","330.3","29.8","-79"
"365","Justin Steele",CHC,"SP110","242","396","337.5","57.5","+11"
"366","Jacob Lopez",ATH,"SP111","260","383","334.8","47.0","+11"
"367","Andrew Painter",PHI,"SP112","289","398","350.0","46.4","-39"
"368","Matthew Liberatore",STL,"SP113","265","375","334.3","44.1","+87"
"369","Edgar Quero",CWS,"C25","271","378","335.5","39.8","0"
"370","Paul Goldschmidt",FA,"1B30","239","514","372.3","112.4","+152"
"371","Parker Meadows",DET,"OF71","265","373","327.0","45.5","+24"
"372","Landen Roupp",SF,"SP114","251","405","347.8","58.1","+91"
"373","Zack Littell",FA,"SP115","245","457","351.0","106.0","+5"
"374","Nick Gonzales",PIT,"2B30","250","531","382.3","115.3","+151"
"375","Andrew Saalfrank",ARI,"RP35","251","446","355.3","80.2","+9"
"376","Mike Burrows",HOU,"SP,RP11","269","381","343.0","43.6","-49"
"377","Cristian Javier",HOU,"SP116","262","403","350.0","53.1","-2"
"378","Nolan Arenado",ARI,"3B22","256","425","361.3","64.1","-70"
"379","Carson Kelly",CHC,"C26","269","383","335.3","48.4","-66"
"380","Jhostynxon Garcia",PIT,"OF72","273","350","311.5","38.5","+204"
"381","Jared Jones",PIT,"SP117","268","401","352.0","50.7","-33"
"382","Lucas Giolito",FA,"SP118","259","421","353.0","68.6","-26"
"383","Jordan Lawlar",ARI,"3B23","261","380","348.5","50.5","+13"
"384","Kyle Finnegan",DET,"RP36","285","385","347.3","38.5","-38"
"385","Austin Hays",CWS,"OF73","263","420","341.5","78.5","+8"
"386","Luis Morales",ATH,"SP119","269","389","351.0","48.2","+8"
"387","Clayton Beeter",WSH,"RP37","289","387","340.3","40.1","+45"
"388","Jared Triolo",PIT,"2B31","266","460","366.0","79.3","+97"
"389","Victor Robles",SEA,"OF74","280","394","353.8","44.4","-44"
"390","Joey Ortiz",MIL,"SS30","270","488","378.3","89.0","+66"
"391","Jose A. Ferrer",SEA,"RP38","271","431","351.0","80.0","+66"
"392","Jordan Wicks",CHC,"SP,RP12","272","272","272.0","0.0","+385"
"393","Slade Cecconi",CLE,"SP120","287","432","377.8","54.5","+32"
"394","JoJo Romero",STL,"RP39","287","410","364.5","46.5","+102"
"395","Triston Casas",BOS,"1B31","288","392","340.0","52.0","+15"
"396","Dominic Canzone",SEA,"OF75","299","392","355.0","40.3","-41"
"397","Ronny Henriquez",MIA,"RP40","319","355","337.0","18.0","+31"
"398","Matt Wallner",MIN,"OF76","338","384","354.7","20.8","-41"
"399","Jordan Leasure",CWS,"RP41","335","366","350.5","15.5","-83"
"400","Carlos Narvaez",BOS,"C27","348","348","348.0","0.0","-48"
"401","Bo Naylor",CLE,"C28","349","379","364.0","15.0","+6"
"402","Victor Scott",STL,"OF77","356","393","376.7","15.4","-70"
"403","Jeremiah Estrada",SD,"RP42","362","397","379.5","17.5","-33"
"404","Harrison Bader",SF,"OF78","364","396","380.0","16.0","-30"
"405","Calvin Faucher",MIA,"RP43","365","365","365.0","0.0","+63"
"406","Victor Vodnik",COL,"RP44","367","395","381.7","11.5","+34"
"407","Jesus Sanchez",HOU,"OF79","368","398","383.3","12.3","-22"
"408","Gavin Sheets",SD,"1B32","370","399","385.3","11.9","+1"
"409","Zach McKinstry",DET,"3B24","370","385","377.5","7.5","-91"
"410","Connor Norby",MIA,"3B25","372","390","382.7","7.7","-19"
"411","Colt Emerson",SEA,"SS31","380","413","396.5","16.5","+64"
"412","Freddy Fermin",SD,"C29","381","387","384.0","3.0","+53"
"413","Luke Weaver",NYM,"RP45","388","394","391.0","3.0","-46"
"414","Ryan McMahon",NYY,"3B26","389","475","432.0","43.0","-91"
"415","Dustin May",STL,"SP121","389","418","402.3","11.9","+54"
"416","Mike Yastrzemski",ATL,"OF80","390","400","395.0","5.0","-13"
"417","Harry Ford",WSH,"C30","390","390","390.0","0.0","+54"
"418","Luis Gil",NYY,"SP122","391","407","399.7","6.6","-115"
"419","Camilo Doval",NYY,"RP46","392","408","400.0","8.0","-7"
"420","Jorge Soler",LAA,"OF81","393","412","402.3","7.8","+2"
"421","Garrett Whitlock",BOS,"RP47","393","393","393.0","0.0","-49"
"422","Moises Ballesteros",CHC,"C31","394","414","403.7","8.2","-32"
"423","Dean Kremer",BAL,"SP123","395","417","406.0","11.0","-36"
"424","Tony Santillan",CIN,"RP48","395","395","395.0","0.0","+23"
"425","Sung-Mun Song",SD,"2B32","396","423","407.7","11.3","+74"
"426","Josh Smith",TEX,"SS32","397","405","401.0","4.0","-88"
"427","Max Meyer",MIA,"SP124","398","427","410.3","12.2","+53"
"428","Andrew Benintendi",CWS,"OF82","399","428","411.7","12.1","-39"
"429","Danny Jansen",TEX,"C32","399","399","399.0","0.0","+71"
"430","Kristian Campbell",BOS,"2B33","400","430","412.3","12.8","-1"
"431","Phil Maton",CHC,"RP49","402","402","402.0","0.0","+71"
"432","Garrett Cleavinger",TB,"RP50","404","404","404.0","0.0","+71"
"433","Simeon Woods Richardson",MIN,"SP125","406","409","407.5","1.5","-20"
"434","Trevor Larnach",MIN,"OF83","410","422","416.0","6.0","-30"
"435","Tyler Wells",BAL,"SP126","411","439","425.0","14.0","+9"
"436","Adrian Morejon",SD,"RP51","411","411","411.0","0.0","-53"
"437","Jacob Melton",TB,"OF84","412","449","430.5","18.5","+128"
"438","Jonathan India",KC,"2B34","413","451","432.0","19.0","-79"
"439","Willi Castro",COL,"2B35","414","452","433.0","19.0","-71"
"440","Michael Soroka",ARI,"SP,RP13","415","453","434.0","19.0","-67"
"441","Nolan Gorman",STL,"2B36","416","479","447.5","31.5","+54"
"442","Keibert Ruiz",WSH,"C33","416","416","416.0","0.0","+8"
"443","Thomas White",MIA,"SP127","417","485","451.0","34.0","+39"
"444","Patrick Bailey",SF,"C34","419","419","419.0","0.0","+23"
"445","Adrian Houser",SF,"SP128","424","424","424.0","0.0","+69"
"446","Miguel Amaya",CHC,"C35","426","426","426.0","0.0","+40"
"447","Ben Joyce",LAA,"RP52","429","429","429.0","0.0","+112"
"448","Kyle Higashioka",TEX,"C36","433","433","433.0","0.0","+59"
"449","Matt Brash",SEA,"RP53","434","434","434.0","0.0","+66"
"450","Lane Thomas",KC,"OF85","435","435","435.0","0.0","+29"
"451","Kody Clemens",MIN,"1B33","436","436","436.0","0.0","0"
"452","Tyler O'Neill",BAL,"OF86","437","437","437.0","0.0","-87"
"453","Aidan Miller",PHI,"SS33","438","438","438.0","0.0","+21"
"454","Victor Caratini",MIN,"C37","440","440","440.0","0.0","+36"
"455","Joe Mack",MIA,"C38","441","441","441.0","0.0","+61"
"456","Tyler Freeman",COL,"2B37","442","442","442.0","0.0","+48"
"457","Luis Rengifo",FA,"2B38","443","443","443.0","0.0","+37"
"458","Joe Boyle",TB,"SP,RP14","444","444","444.0","0.0","+29"
"459","Matt Svanson",STL,"RP54","445","445","445.0","0.0","-57"
"460","Shawn Armstrong",CLE,"RP55","447","447","447.0","0.0","-54"
"461","Jordan Romano",LAA,"RP56","448","448","448.0","0.0","+159"
"462","Taj Bradley",MIN,"SP129","450","450","450.0","0.0","-36"
"463","Matt Strahm",KC,"RP57","454","454","454.0","0.0","-65"
"464","Wenceel Perez",DET,"CF4","455","455","455.0","0.0","-49"
"465","Dalton Rushing",LAD,"C39","456","456","456.0","0.0","+8"
"466","Mick Abel",MIN,"SP130","458","458","458.0","0.0","+57"
"467","Denzel Clarke",ATH,"OF87","459","459","459.0","0.0","-30"
"468","Brooks Baldwin",CWS,"2B39","461","461","461.0","0.0","-16"
"469","Brad Keller",PHI,"RP58","462","462","462.0","0.0","+61"
"470","Johan Oviedo",BOS,"SP131","463","463","463.0","0.0","+8"
"471","Romy Gonzalez",BOS,"2B40","464","464","464.0","0.0","-41"
"472","Walker Jenkins",MIN,"OF88","465","465","465.0","0.0","+38"
"473","Troy Johnston",COL,"1B34","466","466","466.0","0.0","+58"
"474","Javier Baez",DET,"SS34","467","467","467.0","0.0","-82"
"475","Spencer Arrighetti",HOU,"SP132","468","468","468.0","0.0","-111"
"476","Zack Gelof",ATH,"2B41","469","469","469.0","0.0","-79"
"477","Louis Varland",TOR,"RP59","470","470","470.0","0.0","+102"
"478","Zach Cole",HOU,"OF89","471","471","471.0","0.0","-24"
"479","Christian Moore",LAA,"2B42","472","472","472.0","0.0","-20"
"480","Hyeseong Kim",LAD,"2B43","473","473","473.0","0.0","-56"
"481","Colin Rea",CHC,"SP,RP15","474","474","474.0","0.0","+17"
"482","Nathan Lukes",TOR,"OF90","476","476","476.0","0.0","+23"
"483","Gabriel Arias",CLE,"2B44","477","477","477.0","0.0","+45"
"484","Tyler Rogers",TOR,"RP60","478","478","478.0","0.0","-85"
"485","Gregory Soto",PIT,"RP61","480","480","480.0","0.0","+149"
"486","Jimmy Crooks III",STL,"C40","481","481","481.0","0.0","+113"
"487","Nathaniel Lowe",FA,"1B35","482","482","482.0","0.0","+10"
"488","Corbin Burnes",ARI,"SP133","483","483","483.0","0.0","-72"
"489","Javier Sanoja",MIA,"2B45","484","484","484.0","0.0","+72"
"490","Lourdes Gurriel Jr.",ARI,"OF91","486","486","486.0","0.0","+19"
"491","Alexis Diaz",TEX,"RP62","487","487","487.0","0.0","+105"
"492","Joshua Baez",STL,"OF92","489","489","489.0","0.0","+34"
"493","Miguel Andujar",FA,"OF93","490","490","490.0","0.0","+44"
"494","Carson Williams",TB,"SS35","491","491","491.0","0.0","-71"
"495","Casey Schmitt",SF,"3B27","492","492","492.0","0.0","+40"
"496","Cade Povich",BAL,"SP134","493","493","493.0","0.0","+47"
"497","Jake Meyers",HOU,"OF94","494","494","494.0","0.0","-62"
"498","C.J. Kayfus",CLE,"1B36","495","495","495.0","0.0","-45"
"499","Matt Vierling",DET,"OF95","496","496","496.0","0.0","+163"
"500","Cole Sands",MIN,"SP,RP16","497","497","497.0","0.0","+67"
"501","Nasim Nunez",WSH,"SS36","498","498","498.0","0.0","+19"
"502","Adael Amador",COL,"2B46","499","499","499.0","0.0","+78"
"503","Brayan Rocchio",CLE,"SS37","500","500","500.0","0.0","+15"
"504","Spencer Jones",FA,"SP135","501","501","501.0","0.0","-"
"505","Coby Mayo",BAL,"1B37","502","502","502.0","0.0","-39"
"506","Christian Scott",NYM,"SP136","503","503","503.0","0.0","+50"
"507","Jacob Latz",TEX,"SP,RP17","504","504","504.0","0.0","-68"
"508","Heriberto Hernandez",MIA,"OF96","505","505","505.0","0.0","+61"
"509","Austin Martin",MIN,"2B47","506","506","506.0","0.0","+45"
"510","Grant Holmes",ATL,"SP137","507","507","507.0","0.0","-48"
"511","Patrick Sandoval",BOS,"SP138","508","508","508.0","0.0","+142"
"512","Brandon Sproat",MIL,"SP139","509","509","509.0","0.0","+5"
"513","Elmer Rodriguez",NYY,"SP140","510","510","510.0","0.0","+44"
"514","Rhys Hoskins",FA,"1B38","511","511","511.0","0.0","+10"
"515","Colby Thomas",ATH,"OF97","512","512","512.0","0.0","+67"
"516","Kevin Ginkel",ARI,"RP63","513","513","513.0","0.0","-74"
"517","Ben Brown",CHC,"SP,RP18","515","515","515.0","0.0","+38"
"518","Quinn Mathews",STL,"SP141","516","516","516.0","0.0","+65"
"519","Ryan Mountcastle",BAL,"1B39","517","517","517.0","0.0","+10"
"520","Rhett Lowder",CIN,"SP142","518","518","518.0","0.0","-29"
"521","Andrew Kittredge",BAL,"RP64","519","519","519.0","0.0","-9"
"522","Christopher Morel",MIA,"LF2","520","520","520.0","0.0","+51"
"523","Alek Thomas",ARI,"OF98","521","521","521.0","0.0","+74"
"524","Aaron Ashby",MIL,"RP65","522","522","522.0","0.0","+44"
"525","Gabe Speier",SEA,"RP66","523","523","523.0","0.0","+200"
"526","Justin Verlander",FA,"SP143","524","524","524.0","0.0","-25"
"527","Tim Tawa",ARI,"2B48","525","525","525.0","0.0","+51"
"528","Felix Bautista",BAL,"RP67","526","526","526.0","0.0","+174"
"529","Griffin Conine",MIA,"OF99","527","527","527.0","0.0","+46"
"530","Kumar Rocker",TEX,"SP144","528","528","528.0","0.0","+8"
"531","Cole Winn",TEX,"RP68","529","529","529.0","0.0","+267"
"532","Braxton Garrett",MIA,"SP145","530","530","530.0","0.0","+14"
"533","Sean Burke",CWS,"SP,RP19","532","532","532.0","0.0","-25"
"534","Ryan Waldschmidt",ARI,"OF100","533","533","533.0","0.0","+29"
"535","Max Clark",DET,"OF101","534","534","534.0","0.0","+54"
"536","Lucas Erceg",KC,"RP69","535","535","535.0","0.0","+22"
"537","Zac Veen",COL,"OF102","536","536","536.0","0.0","+48"
"538","Jack Perkins",FA,"SP,RP20","537","537","537.0","0.0","-"
"539","JP Sears",SD,"SP146","538","538","538.0","0.0","-26"
"540","Joey Bart",PIT,"C41","539","539","539.0","0.0","-19"
"541","Trevor McDonald",SF,"SP,RP21","540","540","540.0","0.0","+65"
"542","Travis Bazzana",CLE,"2B49","541","541","541.0","0.0","-50"
"543","J.T. Ginn",ATH,"SP,RP22","542","542","542.0","0.0","+23"
"544","Anthony Kay",CWS,"SP,RP23","543","543","543.0","0.0","-125"
"545","Angel Martinez",CLE,"LF3","544","544","544.0","0.0","+90"
"546","Brice Matthews",HOU,"2B50","545","545","545.0","0.0","+42"
"547","Jake Bauers",MIL,"1B40","546","546","546.0","0.0","+30"
"548","Cooper Ingle",CLE,"C42","547","547","547.0","0.0","+115"
"549","Ryan Bergert",KC,"SP147","548","548","548.0","0.0","+62"
"550","Jeremiah Jackson",BAL,"3B28","549","549","549.0","0.0","+68"
"551","Max Kepler",FA,"OF103","550","550","550.0","0.0","+88"
"552","Hunter Harvey",CHC,"RP70","551","551","551.0","0.0","+55"
"553","Charlie Condon",COL,"1B41","552","552","552.0","0.0","+11"
"554","Brady House",WSH,"3B29","553","553","553.0","0.0","-35"
"555","Josiah Gray",WSH,"SP148","554","554","554.0","0.0","+238"
"556","Daniel Susac",SF,"C43","555","555","555.0","0.0","+260"
"557","Justin Sterner",ATH,"RP71","556","556","556.0","0.0","-121"
"558","Mauricio Dubon",ATL,"OF104","557","557","557.0","0.0","-25"
"559","Sawyer Gipson-Long",DET,"SP,RP24","558","558","558.0","0.0","+46"
"560","Pavin Smith",ARI,"1B42","559","559","559.0","0.0","-100"
"561","Vaughn Grissom",LAA,"2B51","560","560","560.0","0.0","+56"
"562","Jeferson Quero",MIL,"C44","561","561","561.0","0.0","+38"
"563","Seth Halvorsen",COL,"RP72","562","562","562.0","0.0","+47"
"564","Justin Wrobleski",LAD,"RP73","563","563","563.0","0.0","+63"
"565","Connor Phillips",CIN,"RP74","564","564","564.0","0.0","+47"
"566","Robert Gasser",MIL,"SP149","565","565","565.0","0.0","+28"
"567","Kyle Leahy",STL,"RP75","566","566","566.0","0.0","+36"
"568","Garrett Mitchell",MIL,"OF105","567","567","567.0","0.0","+4"
"569","Eric Lauer",TOR,"SP,RP25","568","568","568.0","0.0","-142"
"570","Nick Martinez",FA,"SP,RP26","569","569","569.0","0.0","-77"
"571","Thomas Saggese",STL,"2B52","570","570","570.0","0.0","-126"
"572","Max Scherzer",FA,"SP150","571","571","571.0","0.0","+4"
"573","Bryan Baker",TB,"RP76","572","572","572.0","0.0","+85"
"574","Richard Fitts",STL,"SP151","573","573","573.0","0.0","+34"
"575","Jonah Heim",FA,"C45","574","574","574.0","0.0","-13"
"576","Pedro Pages",STL,"C46","575","575","575.0","0.0","-16"
"577","Dylan Moore",FA,"2B53","576","576","576.0","0.0","+131"
"578","Carmen Mlodzinski",PIT,"SP,RP27","577","577","577.0","0.0","+41"
"579","Foster Griffin",WSH,"RP77","578","578","578.0","0.0","+2"
"580","Nelson Rada",LAA,"OF106","579","579","579.0","0.0","+100"
"581","Janson Junk",MIA,"SP,RP28","580","580","580.0","0.0","+44"
"582","Noah Schultz",CWS,"SP152","581","581","581.0","0.0","+51"
"583","Christian Encarnacion-Strand",CIN,"1B43","582","582","582.0","0.0","+7"
"584","Bryce Elder",ATL,"SP153","583","583","583.0","0.0","+76"
"585","Kai-Wei Teng",HOU,"SP,RP29","584","584","584.0","0.0","+118"
"586","Edmundo Sosa",PHI,"SS38","585","585","585.0","0.0","+18"
"587","Hayden Birdsong",SF,"SP,RP30","586","586","586.0","0.0","+45"
"588","Hagen Smith",CWS,"SP154","587","587","587.0","0.0","+148"
"589","Kyle Harrison",BOS,"SP,RP31","588","588","588.0","0.0","-2"
"590","Max Anderson",DET,"2B54","589","589","589.0","0.0","+115"
"591","Mason Montgomery",PIT,"RP78","590","590","590.0","0.0","+93"
"592","Hogan Harris",ATH,"RP79","591","591","591.0","0.0","+29"
"593","Steven Matz",TB,"RP80","592","592","592.0","0.0","-145"
"594","Justin Topa",MIN,"RP81","593","593","593.0","0.0","+72"
"595","Mark Leiter Jr.",ATH,"RP82","594","594","594.0","0.0","+21"
"596","Tobias Myers",NYM,"SP,RP32","595","595","595.0","0.0","+52"
"597","Daniel Schneemann",CLE,"SS39","596","596","596.0","0.0","+47"
"598","Isiah Kiner-Falefa",FA,"3B30","597","597","597.0","0.0","+4"
"599","AJ Blubaugh",HOU,"SP,RP33","598","598","598.0","0.0","-7"
"600","Ke'Bryan Hayes",CIN,"3B31","599","599","599.0","0.0","-112"
"601","Chase Dollander",COL,"SP155","600","600","600.0","0.0","+23"
"602","Tanner McDougal",CWS,"SP156","601","601","601.0","0.0","+93"
"603","Emmanuel Clase",CLE,"RP83","602","602","602.0","0.0","-192"
"604","Joey Loperfido",TOR,"OF107","603","603","603.0","0.0","+126"
"605","Kutter Crawford",BOS,"SP157","604","604","604.0","0.0","-78"
"606","Michael Kopech",FA,"RP84","605","605","605.0","0.0","+7"
"607","Andruw Monasterio",MIL,"2B55","606","606","606.0","0.0","+64"
"608","Robert Hassell III",WSH,"OF108","607","607","607.0","0.0","+33"
"609","Ronny Mauricio",NYM,"2B56","608","608","608.0","0.0","-39"
"610","Jett Williams",MIL,"SS40","609","609","609.0","0.0","-19"
"611","Graham Pauley",MIA,"3B32","610","610","610.0","0.0","+20"
"612","Joc Pederson",TEX,"DH4","611","611","611.0","0.0","+17"
"613","Jaxon Wiggins",CHC,"SP158","612","612","612.0","0.0","+9"
"614","Everson Pereira",CWS,"OF109","613","613","613.0","0.0","+173"
"615","Cole Young",SEA,"2B57","614","614","614.0","0.0","-17"
"616","Blaze Alexander",ARI,"2B58","615","615","615.0","0.0","-45"
"617","Kyle Karros",COL,"3B33","616","616","616.0","0.0","-134"
"618","Ryan Weiss",HOU,"SP159","617","617","617.0","0.0","+54"
"619","Liam Hicks",MIA,"C47","618","618","618.0","0.0","-78"
"620","Jesus Made",MIL,"SS41","619","619","619.0","0.0","+120"
"621","Tyler Kinley",ATL,"RP85","620","620","620.0","0.0","+100"
"622","Stephen Kolek",KC,"SP160","621","621","621.0","0.0","-111"
"623","Jonny DeLuca",TB,"OF110","622","622","622.0","0.0","-142"
"624","Alejandro Osuna",TEX,"OF111","623","623","623.0","0.0","+74"
"625","Sean Newcomb",CWS,"SP,RP34","624","624","624.0","0.0","+43"
"626","Rafael Flores",PIT,"C48","625","625","625.0","0.0","-"
"627","Randy Vasquez",SD,"SP161","626","626","626.0","0.0","+74"
"628","Gage Jump",ATH,"SP162","627","627","627.0","0.0","+33"
"629","River Ryan",LAD,"SP163","628","628","628.0","0.0","-14"
"630","Brad Lord",WSH,"SP,RP35","629","629","629.0","0.0","+10"
"631","Alek Manoah",LAA,"SP164","630","630","630.0","0.0","+23"
"632","Otto Kemp",PHI,"3B34","631","631","631.0","0.0","+14"
"633","Luke Raley",SEA,"OF112","632","632","632.0","0.0","-3"
"634","Cody Bradford",TEX,"SP165","633","633","633.0","0.0","-11"
"635","JR Ritchie",ATL,"SP166","634","634","634.0","0.0","+7"
"636","Curtis Mead",CWS,"3B35","635","635","635.0","0.0","+11"
"637","Luis Matos",SF,"OF113","636","636","636.0","0.0","0"
"638","Jose Quintana",FA,"SP167","637","637","637.0","0.0","+18"
"639","Masataka Yoshida",BOS,"OF114","638","638","638.0","0.0","-167"
"640","Fernando Cruz",NYY,"RP86","639","639","639.0","0.0","+64"
"641","Cole Henry",WSH,"RP87","640","640","640.0","0.0","+85"
"642","Jason Adam",SD,"RP88","641","641","641.0","0.0","+74"
"643","Jake McCarthy",COL,"OF115","642","642","642.0","0.0","-69"
"644","Emmanuel Rodriguez",MIN,"OF116","643","643","643.0","0.0","-30"
"645","Didier Fuentes",ATL,"SP168","644","644","644.0","0.0","+101"
"646","Blaine Crim",COL,"1B44","645","645","645.0","0.0","+43"
"647","Ryan Ritter",COL,"SS42","646","646","646.0","0.0","+34"
"648","Hunter Barco",PIT,"SP,RP36","647","647","647.0","0.0","+3"
"649","Jose Alvarado",PHI,"RP89","648","648","648.0","0.0","+6"
"650","Adrian Del Castillo",ARI,"C49","649","649","649.0","0.0","-5"
"651","David Festa",MIN,"SP169","650","650","650.0","0.0","-13"
"652","Eric Wagaman",MIN,"1B45","651","651","651.0","0.0","-26"
"653","Nick Fortes",TB,"C50","652","652","652.0","0.0","-3"
"654","Nick Yorke",PIT,"2B59","653","653","653.0","0.0","+42"
"655","Kaelen Culpepper",MIN,"SS43","654","654","654.0","0.0","+4"
"656","Drew Gilbert",SF,"OF117","655","655","655.0","0.0","+37"
"657","Yanquiel Fernandez",COL,"OF118","656","656","656.0","0.0","+61"
"658","Henry Davis",PIT,"C51","657","657","657.0","0.0","-49"
"659","Brody Hopkins",TB,"SP170","658","658","658.0","0.0","+86"
"660","Javier Assad",CHC,"SP171","659","659","659.0","0.0","+95"
"661","Sebastian Walcott",TEX,"SS44","660","660","660.0","0.0","-75"
"662","Michael Massey",KC,"2B60","661","661","661.0","0.0","-5"
"663","Coleman Crow",MIL,"SP172","662","662","662.0","0.0","+142"
"664","Connor Wong",BOS,"C52","663","663","663.0","0.0","0"
"665","Taylor Walls",TB,"SS45","664","664","664.0","0.0","+23"
"666","Ethan Pecko",HOU,"SP173","665","665","665.0","0.0","+91"
"667","Kemp Alderman",MIA,"OF119","666","666","666.0","0.0","+168"
"668","Alan Roden",MIN,"OF120","667","667","667.0","0.0","+92"
"669","Jacob Young",WSH,"OF121","668","668","668.0","0.0","-4"
"670","Davis Schneider",TOR,"2B61","669","669","669.0","0.0","-42"
"671","Luis Perales",WSH,"SP,RP37","670","670","670.0","0.0","+71"
"672","Ryan Clifford",NYM,"1B46","671","671","671.0","0.0","+63"
"673","Carson Whisenhunt",SF,"SP174","672","672","672.0","0.0","+51"
"674","Aaron Civale",FA,"SP,RP38","673","673","673.0","0.0","-1"
"675","Will Benson",CIN,"OF122","674","674","674.0","0.0","+32"
"676","Trey Gibson",BAL,"SP175","675","675","675.0","0.0","+1"
"677","Hunter Gaddis",CLE,"RP90","676","676","676.0","0.0","-84"
"678","Ezequiel Duran",TEX,"3B36","677","677","677.0","0.0","+37"
"679","Jonathon Long",CHC,"1B47","678","678","678.0","0.0","+166"
"680","JJ Bleday",CIN,"OF123","679","679","679.0","0.0","-79"
"681","Jake Fraley",TB,"OF124","680","680","680.0","0.0","-6"
"682","Drey Jameson",ARI,"RP91","681","681","681.0","0.0","+8"
"683","John Means",FA,"SP176","682","682","682.0","0.0","+80"
"684","Orion Kerkering",PHI,"RP92","683","683","683.0","0.0","-14"
"685","Juan Mejia",COL,"RP93","684","684","684.0","0.0","+135"
"686","Gavin Lux",TB,"2B62","685","685","685.0","0.0","-180"
"687","Ricky Tiedemann",TOR,"SP177","686","686","686.0","0.0","-35"
"688","Darell Hernaiz",ATH,"SS46","687","687","687.0","0.0","+18"
"689","Ben Casparius",LAD,"SP,RP39","688","688","688.0","0.0","+99"
"690","Caden Dana",LAA,"SP178","689","689","689.0","0.0","+95"
"691","Yoan Moncada",LAA,"3B37","690","690","690.0","0.0","-242"
"692","Daniel Espino",CLE,"SP179","691","691","691.0","0.0","+70"
"693","Mitch Bratt",ARI,"SP180","692","692","692.0","0.0","+36"
"694","Davis Martin",CWS,"SP181","693","693","693.0","0.0","-20"
"695","Logan Allen",FA,"RP94","694","694","694.0","0.0","-"
"696","Ty Johnson",TB,"SP,RP40","695","695","695.0","0.0","+82"
"697","Alex Vesia",LAD,"RP95","696","696","696.0","0.0","-254"
"698","Gunnar Hoglund",ATH,"SP182","697","697","697.0","0.0","+281"
"699","Phillip Glasser",WSH,"SS47","698","698","698.0","0.0","+338"
"700","Mike Tauchman",FA,"OF125","699","699","699.0","0.0","+114"
"701","Jarlin Susana",WSH,"SP183","700","700","700.0","0.0","+90"
"702","Luis Torrens",NYM,"C53","701","701","701.0","0.0","+30"
"703","Leo De Vries",ATH,"SS48","702","702","702.0","0.0","+25"
"704","Tyrone Taylor",NYM,"OF126","703","703","703.0","0.0","+151"
"705","Luisangel Acuna",CWS,"2B63","704","704","704.0","0.0","-110"
"706","George Klassen",LAA,"SP184","705","705","705.0","0.0","+31"
"707","Alex Freeland",LAD,"SS49","706","706","706.0","0.0","-28"
"708","Leody Taveras",BAL,"OF127","707","707","707.0","0.0","+200"
"709","Enrique Bradfield Jr.",BAL,"OF128","708","708","708.0","0.0","+40"
"710","Ryan Ward",LAD,"OF129","709","709","709.0","0.0","+33"
"711","Jose Trevino",CIN,"C54","710","710","710.0","0.0","+39"
"712","Ramon Urias",FA,"3B38","711","711","711.0","0.0","+57"
"713","Bryan Torres",STL,"OF130","712","712","712.0","0.0","+182"
"714","Endy Rodriguez",PIT,"C55","713","713","713.0","0.0","+57"
"715","Drew Anderson",DET,"RP96","714","714","714.0","0.0","-66"
"716","Ryan Zeferjahn",LAA,"RP97","715","715","715.0","0.0","+103"
"717","Kade Anderson",SEA,"SP185","716","716","716.0","0.0","-48"
"718","James Outman",MIN,"OF131","717","717","717.0","0.0","+49"
"719","Jose Fermin",STL,"2B64","718","718","718.0","0.0","+133"
"720","Miguel Rojas",LAD,"SS50","719","719","719.0","0.0","-37"
"721","Dylan Lee",ATL,"RP98","720","720","720.0","0.0","-1"
"722","Joe Jimenez",ATL,"RP99","721","721","721.0","0.0","-3"
"723","Nathan Church",STL,"OF132","722","722","722.0","0.0","+38"
"724","Blake Perkins",MIL,"OF133","723","723","723.0","0.0","+57"
"725","Jack Wenninger",NYM,"SP186","724","724","724.0","0.0","+225"
"726","Yariel Rodriguez",TOR,"RP100","725","725","725.0","0.0","+97"
"727","Yimi Garcia",TOR,"RP101","726","726","726.0","0.0","-35"
"728","Hisanori Takahashi",FA,"RP102","727","727","727.0","0.0","-"
"729","Manuel Rodriguez",TB,"RP103","728","728","728.0","0.0","+335"
"730","Keegan Akin",BAL,"SP,RP41","729","729","729.0","0.0","-63"
"731","James McCann",ARI,"C56","730","730","730.0","0.0","+16"
"732","Ryan Yarbrough",NYY,"SP,RP42","731","731","731.0","0.0","-19"
"733","Tyler Phillips",MIA,"RP104","732","732","732.0","0.0","+89"
"734","Richie Palacios",TB,"OF134","733","733","733.0","0.0","-98"
"735","Brooks Raley",NYM,"RP105","734","734","734.0","0.0","+155"
"736","Connor Prielipp",MIN,"SP187","735","735","735.0","0.0","+79"
"737","Michael Lorenzen",COL,"SP,RP43","736","736","736.0","0.0","-61"
"738","Cody Freeman",TEX,"2B65","737","737","737.0","0.0","+91"
"739","Bobby Miller",LAD,"SP188","738","738","738.0","0.0","+56"
"740","Blade Tidwell",SF,"SP,RP44","739","739","739.0","0.0","+33"
"741","Mike Vasil",CWS,"SP,RP45","740","740","740.0","0.0","-257"
"742","Henry Bolte",ATH,"OF135","741","741","741.0","0.0","+141"
"743","Miguel Ullola",HOU,"SP,RP46","742","742","742.0","0.0","+268"
"744","Jerar Encarnacion",SF,"OF136","743","743","743.0","0.0","-5"
"745","Cristian Mena",ARI,"SP,RP47","744","744","744.0","0.0","+127"
"746","Nate Pearson",HOU,"RP106","745","745","745.0","0.0","+61"
"747","George Valera",CLE,"OF137","746","746","746.0","0.0","-289"
"748","Ty France",FA,"1B48","747","747","747.0","0.0","-21"
"749","Matt Festa",CLE,"RP107","748","748","748.0","0.0","+351"
"750","Junior Perez",ATH,"OF138","749","749","749.0","0.0","+144"
"751","Keider Montero",DET,"SP,RP48","750","750","750.0","0.0","+115"
"752","Ben Williamson",SEA,"3B39","751","751","751.0","0.0","+91"
"753","Hector Rodriguez",CIN,"OF139","752","752","752.0","0.0","+65"
"754","Esteury Ruiz",MIA,"OF140","753","753","753.0","0.0","-72"
"755","Kevin Alcantara",CHC,"OF141","754","754","754.0","0.0","-33"
"756","Tink Hence",STL,"SP189","755","755","755.0","0.0","+205"
"757","Zach Maxwell",CIN,"RP108","756","756","756.0","0.0","+53"
"758","Amed Rosario",NYY,"2B66","757","757","757.0","0.0","-47"
"759","Jesus Rodriguez",SF,"C57","758","758","758.0","0.0","+7"
"760","David Davalillo",TEX,"SP190","759","759","759.0","0.0","+139"
"761","Hunter Dobbins",STL,"SP191","760","760","760.0","0.0","-44"
"762","David Hamilton",BOS,"SS51","761","761","761.0","0.0","+28"
"763","Andres Chaparro",WSH,"1B49","762","762","762.0","0.0","+194"
"764","Drew Pomeranz",LAA,"SP,RP49","763","763","763.0","0.0","-54"
"765","Heston Kjerstad",BAL,"LF4","764","764","764.0","0.0","-24"
"766","Esmerlyn Valdez",PIT,"RF3","765","765","765.0","0.0","-12"